original_name,classification,cells,bytes,sha256_file,sha256_source_cells,reason
ICIITCEE2027_experiments.ipynb,OPTIONAL_HISTORY,35,307144,3d8f1607eb6272426295db47bbe4fac29b828badeabcd5676894bd1926979d4a,09ea173ab7b6073fe8344e5c7aedd314f0b247ca907b575a2c0297f294de89fd,Earlier conference experiment notebook; superseded by final workflows.
ICIITCEE2027_experiments_E4.ipynb,OPTIONAL_HISTORY,17,114390,3362ca745a4cbaf752a418c7acffc1c238da7677d98983d78412a4cccda0d9d4,dc4be59420c46192944512ebb6d9968464eacc476cbcb6ed51726fff0e1be93f,Earlier E4-specific notebook; superseded by final five-seed workflow.
Notebook_experiment_1.ipynb,OPTIONAL_HISTORY,9,79283,181aa13f7d709f4a8413c47bccb5dfb0afcb61fa9dda12f7ac54c4b68033c5f8,2350b67a9c8a62b180b053671cdd8d6c0013c5a9196fedd30616d45e85cca864,Early smoke-test notebook; superseded.
Notebook_experiment_2.ipynb,OPTIONAL_HISTORY,35,160235,92c40d58871b7a4d390167a8c77a7ecdae54110e0b080ea9d6d2c901663ac70f,20b97e33569e83a5c218951a39eea1bc4f3be3ec003e3e0b44a9393068a2d004,Earlier E5 N=40 controlled model comparison workflow; superseded by final E5 workflow.
Notebook_experiment_3.ipynb,REQUIRED_CHECKIN,49,672699,3cd5566d943391d6277b796b0ffad5e31769419d2cdc8be578f487623571f7a3,14483bd73af7800190698cc30d89454833a4ce8fda75717d9dd4275c57d4568e,"Contains final E5 Qwen3.7-Max N=100 seed52 run, freeze, and final E1-E5 audit."
Notebook_experiment_4.ipynb,OPTIONAL_HISTORY,39,666377,1edc03e07e72d3761eed735a0a05d476945efc1044e8ca81073c8e40751b4fcb,e395456381821bc109e508feb06d6d11bf81ace5b48d3b699c15aa1c02e059f5,Same source cells as Notebook_experiment_5; redundant historical copy.
Notebook_experiment_5.ipynb,REQUIRED_CHECKIN,39,666377,751e04e32f20b26c148a23c0812ce4b6cc2c23903dd85bce1db7bb9f5a67998c,e395456381821bc109e508feb06d6d11bf81ace5b48d3b699c15aa1c02e059f5,"Final E1-E4 five-seed workflow; source cells duplicate Notebook_experiment_4, keep latest/final copy."
One_seed_E1_E4_testing.ipynb,OPTIONAL_HISTORY,29,284443,fa648bf87bf9e3405f07ae652897f6cc7aec42182db523fb03c94ce080591f3c,2db757a85f5fa5210129088209eb386800a0ce424e4429531d737dbf9b80380c,Single-seed E1-E4 testing; superseded by five-seed final workflow.
XAgentic_E5_Model_Screening_2026-10-05.ipynb.ipynb,OPTIONAL_HISTORY,98,794591,cd1571b6bf188887cf543aeb163bd84377f6e7c8b4ecca690417be7e3ef1dfd2,4b8f6575f30b0dfd19fed4dde2288a88d40e41155005e480397de10b0cbca9d4,Model-screening/development history; useful provenance but not required for final reproduction.
